{
  "apical_dendrite": {
    "filtration_metric": "path_distances",
    "min_bar_length": 11.04402494430542,
    "num_trees": {
      "data": {
        "bins": [
          1
        ],
        "weights": [
          1
        ]
      }
    },
    "persistence_diagram": [
      [
        [
          179.90079668164253,
          168.8567717373371,
          -0.012618444859981537,
          -0.6669954061508179,
          -0.103295236825943,
          0.5280882120132446
        ],
        [
          161.43852126598358,
          109.0152530670166,
          0.06545417010784149,
          0.14698576927185059,
          0.19408273696899414,
          -0.9531443119049072
        ],
        [
          180.36823078989983,
          63.88808488845825,
          -0.32659226655960083,
          0.42191386222839355,
          -0.3916371166706085,
          0.014505863189697266
        ],
        [
          170.96035516262054,
          67.57360768318176,
          -0.01830744743347168,
          -0.287996768951416,
          4.9870758056640625,
          0.229017972946167
        ],
        [
          169.73614752292633,
          118.67349147796631,
          0.1277027130126953,
          0.17324864864349365,
          -0.44588184356689453,
          -0.7294460535049438
        ],
        [
          506.2385804057121,
          378.2342957854271,
          -0.15155339241027832,
          -0.49663615226745605,
          -0.08872199058532715,
          0.8689172267913818
        ],
        [
          193.2379568219185,
          59.21830677986145,
          -0.21324586868286133,
          -0.7323281764984131,
          -5.420628547668457,
          1.3944714069366455
        ],
        [
          322.2840513586998,
          307.88872808218,
          -0.04367232322692871,
          0.33478689193725586,
          1.3848081827163696,
          -0.21474194526672363
        ],
        [
          282.17248898744583,
          270.8169820904732,
          0.1649860143661499,
          0.06176471710205078,
          -1.1382383108139038,
          -0.17272329330444336
        ],
        [
          193.5407537817955,
          181.53456908464432,
          -0.10875284671783447,
          -0.03126513957977295,
          0.5743057727813721,
          0.6305310726165771
        ],
        [
          206.87182223796844,
          169.3433764576912,
          -0.10194170475006104,
          0.15130341053009033,
          -0.5329670906066895,
          -0.7996019124984741
        ],
        [
          226.19354283809662,
          108.39496064186096,
          0.11460995674133301,
          -0.19991958141326904,
          -0.6779004335403442,
          1.175565481185913
        ],
        [
          217.36709594726562,
          95.054767370224,
          0.14045405387878418,
          0.10743653774261475,
          -1.3434582948684692,
          0.7277711629867554
        ],
        [
          199.1093321442604,
          44.21179485321045,
          -0.4563196897506714,
          -0.1462266445159912,
          1.5164642333984375,
          0.08209371566772461
        ],
        [
          180.67161905765533,
          28.796097993850708,
          0.2758415937423706,
          0.12267732620239258,
          -1.122733473777771,
          -0.21118569374084473
        ],
        [
          197.6135313808918,
          6.889567136764526,
          0.0642780065536499,
          0.1327667236328125,
          -1.9733939170837402,
          0.963097095489502
        ],
        [
          588.6401419043541,
          0,
          NaN,
          NaN,
          NaN,
          NaN
        ]
      ]
    ],
    "trunk": {
      "absolute_elevation_deviation": {
        "data": {
          "bins": [
            0.9652443831293513,
            0.9985777164626848,
            1.031911049796018,
            1.0652443831293514,
            1.0985777164626849,
            1.131911049796018,
            1.1652443831293513,
            1.1985777164626847,
            1.2319110497960182,
            1.2652443831293514,
            1.2985777164626846,
            1.3319110497960183,
            1.3652443831293515,
            1.3985777164626847,
            1.431911049796018,
            1.4652443831293516,
            1.4985777164626848,
            1.531911049796018,
            1.5652443831293512,
            1.5985777164626849,
            1.631911049796018,
            1.6652443831293513,
            1.6985777164626845,
            1.7319110497960182,
            1.7652443831293514,
            1.7985777164626846,
            1.8319110497960183,
            1.8652443831293515,
            1.8985777164626847,
            1.931911049796018
          ],
          "weights": [
            0,
            0,
            0,
            0,
            0,
            0,
            0,
            0,
            0,
            0,
            0,
            0,
            0,
            0,
            0,
            1,
            0,
            0,
            0,
            0,
            0,
            0,
            0,
            0,
            0,
            0,
            0,
            0,
            0,
            0
          ]
        }
      },
      "azimuth": {
        "uniform": {
          "max": 0.0,
          "min": 3.141592653589793
        }
      },
      "orientation_deviation": {
        "data": {
          "bins": [
            -0.48333333333333334,
            -0.45,
            -0.4166666666666667,
            -0.38333333333333336,
            -0.35000000000000003,
            -0.31666666666666665,
            -0.2833333333333333,
            -0.25,
            -0.21666666666666667,
            -0.18333333333333335,
            -0.15000000000000002,
            -0.11666666666666667,
            -0.08333333333333331,
            -0.04999999999999999,
            -0.016666666666666663,
            0.016666666666666663,
            0.04999999999999999,
            0.08333333333333331,
            0.11666666666666664,
            0.14999999999999997,
            0.1833333333333333,
            0.21666666666666662,
            0.24999999999999994,
            0.2833333333333333,
            0.3166666666666667,
            0.35000000000000003,
            0.38333333333333336,
            0.4166666666666667,
            0.45,
            0.48333333333333334
          ],
          "weights": [
            0,
            0,
            0,
            0,
            0,
            0,
            0,
            0,
            0,
            0,
            0,
            0,
            0,
            0,
            0,
            1,
            0,
            0,
            0,
            0,
            0,
            0,
            0,
            0,
            0,
            0,
            0,
            0,
            0,
            0
          ]
        }
      }
    }
  },
  "axon": {
    "filtration_metric": "path_distances",
    "min_bar_length": 2.238076686859131,
    "num_trees": {
      "data": {
        "bins": [
          1
        ],
        "weights": [
          1
        ]
      }
    },