{
  "apical_dendrite": {
    "filtration_metric": "path_distances",
    "min_bar_length": 10.4893958568573,
    "num_trees": {
      "data": {
        "bins": [
          1
        ],
        "weights": [
          1
        ]
      }
    },
    "persistence_diagram": [
      [
        [
          45.29973676800728,
          37.432689875364304,
          4.071351051330566,
          -0.7432446479797363,
          0.9231791496276855,
          0.3365302085876465
        ],
        [
          53.51191592216492,
          26.51395493745804,
          -0.16986966133117676,
          0.3042198419570923,
          -4.4780097007751465,
          1.0640108585357666
        ],
        [
          101.91328105330467,
          46.437285393476486,
          -0.5781446695327759,
          -0.5695381164550781,
          1.1749461889266968,
          -0.008405685424804688
        ],
        [
          463.26335567235947,
          393.2424223423004,
          0.01485753059387207,
          0.177986741065979,
          0.7003881931304932,
          -0.2590397596359253
        ],
        [
          117.39589101076126,
          24.89527451992035,
          3.0247344970703125,
          -0.3923705816268921,
          2.816298246383667,
          -0.2861669063568115
        ],
        [
          165.07662731409073,
          86.86707097291946,
          -0.1210784912109375,
          0.06208503246307373,
          0.48209965229034424,
          -0.4254035949707031
        ],
        [
          116.1291680932045,
          38.394612550735474,
          0.09779179096221924,
          -0.002913236618041992,
          -1.3490227460861206,
          0.42393577098846436
        ],
        [
          148.9722756743431,
          24.528796792030334,
          -0.1849900484085083,
          -0.015703558921813965,
          0.7129005193710327,
          0.8003783226013184
        ],
        [
          90.09926354885101,
          7.80221164226532,
          0.22160851955413818,
          0.2270975112915039,
          -1.2594776153564453,
          -0.11561954021453857
        ],
        [
          137.22492796182632,
          5.623310565948486,
          -0.31452059745788574,
          -0.5546845197677612,
          -4.519826412200928,
          0.9254273176193237
        ],
        [
          463.26990616321564,
          0.0,
          NaN,
          NaN,
          NaN,
          NaN
        ]
      ]
    ],
    "trunk": {
      "absolute_elevation_deviation": {
        "data": {
          "bins": [
            0.6001322388981354,
            0.6334655722314688,
            0.666798905564802,
            0.7001322388981355,
            0.7334655722314687,
            0.7667989055648021,
            0.8001322388981355,
            0.8334655722314688,
            0.8667989055648021,
            0.9001322388981354,
            0.9334655722314688,
            0.9667989055648021,
            1.0001322388981355,
            1.033465572231469,
            1.0667989055648022,
            1.1001322388981354,
            1.1334655722314686,
            1.1667989055648023,
            1.2001322388981355,
            1.2334655722314687,
            1.266798905564802,
            1.3001322388981356,
            1.3334655722314688,
            1.366798905564802,
            1.4001322388981357,
            1.4334655722314689,
            1.466798905564802,
            1.5001322388981353,
            1.533465572231469,
            1.5667989055648022
          ],
          "weights": [
            0,
            0,
            0,
            0,
            0,
            0,
            0,
            0,
            0,
            0,
            0,
            0,
            0,
            0,
            0,
            1,
            0,
            0,
            0,
            0,
            0,
            0,
            0,
            0,
            0,
            0,
            0,
            0,
            0,
            0
          ]
        }
      },
      "azimuth": {
        "uniform": {
          "max": 0.0,
          "min": 3.141592653589793
        }
      },
      "orientation_deviation": {
        "data": {
          "bins": [
            -0.48333333333333334,
            -0.45,
            -0.4166666666666667,
            -0.38333333333333336,
            -0.35000000000000003,
            -0.31666666666666665,
            -0.2833333333333333,
            -0.25,
            -0.21666666666666667,
            -0.18333333333333335,
            -0.15000000000000002,
            -0.11666666666666667,
            -0.08333333333333331,
            -0.04999999999999999,
            -0.016666666666666663,
            0.016666666666666663,
            0.04999999999999999,
            0.08333333333333331,
            0.11666666666666664,
            0.14999999999999997,
            0.1833333333333333,
            0.21666666666666662,
            0.24999999999999994,
            0.2833333333333333,
            0.3166666666666667,
            0.35000000000000003,
            0.38333333333333336,
            0.4166666666666667,
            0.45,
            0.48333333333333334
          ],
          "weights": [
            0,
            0,
            0,
            0,
            0,
            0,
            0,
            0,
            0,
            0,
            0,
            0,
            0,
            0,
            0,
            1,
            0,
            0,
            0,
            0,
            0,
            0,
            0,
            0,
            0,
            0,
            0,
            0,
            0,
            0
          ]
        }
      }
    }
  },
  "axon": {
    "filtration_metric": "path_distances",
    "min_bar_length": 6.209557056427002,
    "num_trees": {
      "data": {
        "bins": [
          1
        ],
        "weights": [
          1
        ]
      }
    },