{
  "apical_dendrite": {
    "filtration_metric": "path_distances",
    "min_bar_length": 14.522856831550598,
    "num_trees": {
      "data": {
        "bins": [
          1
        ],
        "weights": [
          1
        ]
      }
    },
    "persistence_diagram": [
      [
        [
          145.20967112481594,
          121.24591049551964,
          -0.2065131664276123,
          0.42791295051574707,
          0.565788984298706,
          -0.594703197479248
        ],
        [
          80.26727530360222,
          43.44022670388222,
          -0.11962652206420898,
          -0.9338144659996033,
          -0.1623091697692871,
          0.7912377715110779
        ],
        [
          73.49684062600136,
          62.60469800233841,
          -1.202845573425293,
          -0.08702313899993896,
          2.835202693939209,
          -0.03175079822540283
        ],
        [
          599.4182410240173,
          480.368457198143,
          0.005096316337585449,
          -0.42689740657806396,
          0.8846803903579712,
          0.08982622623443604
        ],
        [
          99.32774251699448,
          20.105344533920288,
          0.8374849557876587,
          -0.041289329528808594,
          -1.9716663360595703,
          -1.3368372917175293
        ],
        [
          121.57007449865341,
          19.17861172556877,
          0.4912722110748291,
          -0.523784875869751,
          -5.421018600463867,
          0.5726149082183838
        ],
        [
          91.50553424656391,
          13.893353551626205,
          0.1690676212310791,
          0.46191906929016113,
          -1.3279712200164795,
          -0.6735488772392273
        ],
        [
          126.87020697444677,
          4.476423293352127,
          -0.1908869743347168,
          -0.49733519554138184,
          0.9130933284759521,
          0.9548403024673462
        ],
        [
          199.6432832032442,
          3.432198464870453,
          0.036443352699279785,
          0.0,
          -0.9641984701156616,
          0.5254253149032593
        ],
        [
          612.5469517707825,
          0.0,
          NaN,
          NaN,
          NaN,
          NaN
        ]
      ]
    ],
    "trunk": {
      "absolute_elevation_deviation": {
        "data": {
          "bins": [
            0.753094884816442,
            0.7864282181497755,
            0.8197615514831087,
            0.8530948848164421,
            0.8864282181497753,
            0.9197615514831088,
            0.9530948848164421,
            0.9864282181497754,
            1.0197615514831089,
            1.053094884816442,
            1.0864282181497753,
            1.119761551483109,
            1.1530948848164422,
            1.1864282181497754,
            1.2197615514831086,
            1.2530948848164423,
            1.2864282181497755,
            1.3197615514831087,
            1.353094884816442,
            1.3864282181497756,
            1.4197615514831088,
            1.453094884816442,
            1.4864282181497752,
            1.5197615514831089,
            1.553094884816442,
            1.5864282181497753,
            1.619761551483109,
            1.6530948848164422,
            1.6864282181497754,
            1.7197615514831086
          ],
          "weights": [
            0,
            0,
            0,
            0,
            0,
            0,
            0,
            0,
            0,
            0,
            0,
            0,
            0,
            0,
            0,
            1,
            0,
            0,
            0,
            0,
            0,
            0,
            0,
            0,
            0,
            0,
            0,
            0,
            0,
            0
          ]
        }
      },
      "azimuth": {
        "uniform": {
          "max": 0.0,
          "min": 3.141592653589793
        }
      },
      "orientation_deviation": {
        "data": {
          "bins": [
            -0.48333333333333334,
            -0.45,
            -0.4166666666666667,
            -0.38333333333333336,
            -0.35000000000000003,
            -0.31666666666666665,
            -0.2833333333333333,
            -0.25,
            -0.21666666666666667,
            -0.18333333333333335,
            -0.15000000000000002,
            -0.11666666666666667,
            -0.08333333333333331,
            -0.04999999999999999,
            -0.016666666666666663,
            0.016666666666666663,
            0.04999999999999999,
            0.08333333333333331,
            0.11666666666666664,
            0.14999999999999997,
            0.1833333333333333,
            0.21666666666666662,
            0.24999999999999994,
            0.2833333333333333,
            0.3166666666666667,
            0.35000000000000003,
            0.38333333333333336,
            0.4166666666666667,
            0.45,
            0.48333333333333334
          ],
          "weights": [
            0,
            0,
            0,
            0,
            0,
            0,
            0,
            0,
            0,
            0,
            0,
            0,
            0,
            0,
            0,
            1,
            0,
            0,
            0,
            0,
            0,
            0,
            0,
            0,
            0,
            0,
            0,
            0,
            0,
            0
          ]
        }
      }
    }
  },
  "axon": {
    "filtration_metric": "path_distances",
    "min_bar_length": 4.623906135559082,
    "num_trees": {
      "data": {
        "bins": [
          1
        ],
        "weights": [
          1
        ]
      }
    },
    "persistence_diagram": [
      [
        [
          133.30804896354675,
          126.86367201805115,
          -1.2998919486999512,
          0.14408135414123535,
          -0.8884692788124084,
          0.22517752647399902
        ],
        [
          334.05513390898705,
          330.58720430731773,
          0.324439138174057,
          -0.5760767459869385,
          -1.6447230577468872,
          0.006750941276550293
        ],
        [
          294.34262377023697,
          285.6917337477207,
          0.5185306072235107,
          0.0612945556640625,
          0.32427072525024414,
          0.15606904029846191
        ],
        [
          552.4634628742933,
          547.3500270098448,
          0.1994849443435669,
          -0.8430116176605225,
          0.6596089005470276,
          0.5199218988418579
        ],
        [
          320.3097348511219,
          231.20356491208076,
          0.0495600700378418,
          -0.19086956977844238,
          -0.984013557434082,
          0.9666614532470703
        ],
        [
          342.06213811039925,
          220.55920627713203,
          -0.001203298568725586,
          0.34294748306274414,
          1.937867522239685,
          -0.33817362785339355
        ],
        [
          136.2797577381134,
          44.91785967350006,
          0.07210838794708252,
          0.05329418182373047,
          4.415705680847168,
          0.3952908515930176
        ],
        [
          556.601993277669,
          0.0,
          NaN,
          NaN,
          NaN,
          NaN
        ]
      ]
    ],