{
  "apical_dendrite": {
    "filtration_metric": "path_distances",
    "min_bar_length": 25.670273184776306,
    "num_trees": {
      "data": {
        "bins": [
          1
        ],
        "weights": [
          1
        ]
      }
    },
    "persistence_diagram": [
      [
        [
          561.3628804497421,
          464.26326313242316,
          -0.2328658103942871,
          0.4841960668563843,
          -0.5221514701843262,
          -0.7690855264663696
        ],
        [
          77.91381200775504,
          58.66110711917281,
          -0.14217333495616913,
          0.29433250427246094,
          0.8698791265487671,
          -0.9939008951187134
        ],
        [
          155.100529063493,
          51.506807807832956,
          0.4350247383117676,
          0.3088640570640564,
          -0.9509948492050171,
          -0.58493572473526
        ],
        [
          589.888249207288,
          351.6853941343725,
          -0.026817679405212402,
          0.06479692459106445,
          0.059896111488342285,
          -0.5234540700912476
        ],
        [
          386.8243997208774,
          225.87240373715758,
          -0.08741557598114014,
          -0.3399498462677002,
          -0.028532862663269043,
          0.31377112865448
        ],
        [
          46.76665152981877,
          17.523084226995707,
          -0.23043036460876465,
          0.07972097396850586,
          -4.55582332611084,
          0.47976309061050415
        ],
        [
          228.77448650076985,
          84.32058693096042,
          -0.10628080368041992,
          -0.05886685848236084,
          -0.023541569709777832,
          -0.2525489330291748
        ],
        [
          231.87101658806205,
          74.32643138989806,
          0.21646368503570557,
          0.15425348281860352,
          -1.8052284717559814,
          -0.5738338232040405
        ],
        [
          232.23468045517802,
          47.306326713413,
          -0.027226805686950684,
          -0.3018062114715576,
          -1.235771656036377,
          0.6899267435073853
        ],
        [
          206.03153120353818,
          45.55824341252446,
          0.0012624263763427734,
          0.16819536685943604,
          -4.042499542236328,
          -0.8167743682861328
        ],
        [
          165.42631221190095,
          20.906708870083094,
          -0.09946703910827637,
          -0.12605619430541992,
          -3.722923517227173,
          0.5583987236022949
        ],
        [
          185.3618763126433,
          11.32782593742013,
          0.011365532875061035,
          0.23669791221618652,
          0.5309271812438965,
          -0.9720916152000427
        ],
        [
          596.2185752056539,
          0.0,
          NaN,
          NaN,
          NaN,
          NaN
        ]
      ]
    ],
    "trunk": {
      "absolute_elevation_deviation": {
        "data": {
          "bins": [
            0.7406916893231164,
            0.7740250226564498,
            0.807358355989783,
            0.8406916893231164,
            0.8740250226564497,
            0.9073583559897831,
            0.9406916893231164,
            0.9740250226564497,
            1.007358355989783,
            1.0406916893231164,
            1.0740250226564498,
            1.107358355989783,
            1.1406916893231163,
            1.17402502265645,
            1.2073583559897831,
            1.2406916893231164,
            1.2740250226564496,
            1.3073583559897832,
            1.3406916893231164,
            1.3740250226564497,
            1.4073583559897829,
            1.4406916893231165,
            1.4740250226564497,
            1.507358355989783,
            1.5406916893231166,
            1.5740250226564498,
            1.607358355989783,
            1.6406916893231163,
            1.67402502265645,
            1.7073583559897831
          ],
          "weights": [
            0,
            0,
            0,
            0,
            0,
            0,
            0,
            0,
            0,
            0,
            0,
            0,
            0,
            0,
            0,
            1,
            0,
            0,
            0,
            0,
            0,
            0,
            0,
            0,
            0,
            0,
            0,
            0,
            0,
            0
          ]
        }
      },
      "azimuth": {
        "uniform": {
          "max": 0.0,
          "min": 3.141592653589793
        }
      },
      "orientation_deviation": {
        "data": {
          "bins": [
            -0.48333333333333334,
            -0.45,
            -0.4166666666666667,
            -0.38333333333333336,
            -0.35000000000000003,
            -0.31666666666666665,
            -0.2833333333333333,
            -0.25,
            -0.21666666666666667,
            -0.18333333333333335,
            -0.15000000000000002,
            -0.11666666666666667,
            -0.08333333333333331,
            -0.04999999999999999,
            -0.016666666666666663,
            0.016666666666666663,
            0.04999999999999999,
            0.08333333333333331,
            0.11666666666666664,
            0.14999999999999997,
            0.1833333333333333,
            0.21666666666666662,
            0.24999999999999994,
            0.2833333333333333,
            0.3166666666666667,
            0.35000000000000003,
            0.38333333333333336,
            0.4166666666666667,
            0.45,
            0.48333333333333334
          ],
          "weights": [
            0,
            0,
            0,
            0,
            0,
            0,
            0,
            0,
            0,
            0,
            0,
            0,
            0,
            0,
            0,
            1,
            0,
            0,
            0,
            0,
            0,
            0,
            0,
            0,
            0,
            0,
            0,
            0,
            0,
            0
          ]
        }
      }
    }
  },
  "axon": {
    "filtration_metric": "path_distances",
    "min_bar_length": 2.1681573390960693,
    "num_trees": {
      "data": {
        "bins": [
          1
        ],
        "weights": [
          1
        ]
      }
    },