{
  "apical_dendrite": {},
  "axon": {
    "filtration_metric": "path_distances",
    "min_bar_length": 3.692293882369995,
    "num_trees": {
      "data": {
        "bins": [
          1
        ],
        "weights": [
          1
        ]
      }
    },
    "persistence_diagram": [
      [
        [
          426.51075756549835,
          239.15462625026703,
          -0.11906075477600098,
          0.15828585624694824,
          4.528512001037598,
          0.3125115633010864
        ],
        [
          555.5014284849167,
          551.8091346025467,
          -0.3754613399505615,
          -0.2737455368041992,
          -1.9075641632080078,
          1.1137166023254395
        ],
        [
          447.2463413476944,
          270.5906172990799,
          -0.041594505310058594,
          0.010088562965393066,
          -0.9430736303329468,
          0.16853702068328857
        ],
        [
          366.3354346752167,
          230.79055798053741,
          0.010154247283935547,
          0.20396316051483154,
          -1.3748811483383179,
          -0.8073432445526123
        ],
        [
          349.87589597702026,
          263.50251483917236,
          -0.048104703426361084,
          -0.34322166442871094,
          1.8899908065795898,
          0.44995784759521484
        ],
        [
          265.6447563171387,
          195.20071387290955,
          -0.504685640335083,
          -1.1764626502990723,
          -0.4207848310470581,
          0.9294058680534363
        ],
        [
          651.270196557045,
          150.2222911119461,
          0.15450942516326904,
          -0.4389415979385376,
          4.025832176208496,
          -0.2184675931930542
        ],
        [
          198.97150075435638,
          109.79337155818939,
          0.17131829261779785,
          -0.26950883865356445,
          3.9043121337890625,
          -0.12303304672241211
        ],
        [
          220.74272656440735,
          121.37349534034729,
          -0.2711881399154663,
          -0.07072997093200684,
          1.824309229850769,
          -0.0783843994140625
        ],
        [
          363.15651869773865,
          179.42225122451782,
          -0.6665073037147522,
          0.9005504846572876,
          1.4192314147949219,
          -0.594674825668335
        ],
        [
          379.9033385515213,
          97.96242356300354,
          -0.1791839748620987,
          -0.06951737403869629,
          1.4598956108093262,
          -1.0558003187179565
        ],
        [
          450.7314155101776,
          86.55063450336456,
          -0.05193781852722168,
          0.7510524988174438,
          1.733551025390625,
          0.006028175354003906
        ],
        [
          692.414204955101,
          0,
          NaN,
          NaN,
          NaN,
          NaN
        ]
      ]
    ],
    "trunk": {
      "absolute_elevation_deviation": {
        "data": {
          "bins": [
            -1.8785565336925898,
            -1.8452232003592564,
            -1.811889867025923,
            -1.7785565336925897,
            -1.7452232003592565,
            -1.711889867025923,
            -1.6785565336925896,
            -1.6452232003592564,
            -1.6118898670259232,
            -1.5785565336925897,
            -1.5452232003592563,
            -1.511889867025923,
            -1.4785565336925899,
            -1.4452232003592562,
            -1.411889867025923,
            -1.3785565336925898,
            -1.3452232003592566,
            -1.311889867025923,
            -1.2785565336925897,
            -1.2452232003592565,
            -1.2118898670259233,
            -1.1785565336925896,
            -1.1452232003592564,
            -1.1118898670259232,
            -1.0785565336925895,
            -1.0452232003592563,
            -1.011889867025923,
            -0.9785565336925897,
            -0.9452232003592564,
            -0.911889867025923
          ],
          "weights": [
            0,
            0,
            0,
            0,
            0,
            0,
            0,
            0,
            0,
            0,
            0,
            0,
            0,
            0,
            0,
            1,
            0,
            0,
            0,
            0,
            0,
            0,
            0,
            0,
            0,
            0,
            0,
            0,
            0,
            0
          ]
        }
      },
      "azimuth": {
        "uniform": {
          "max": 0.0,
          "min": 3.141592653589793
        }
      },
      "orientation_deviation": {
        "data": {
          "bins": [
            -0.48333333333333334,
            -0.45,
            -0.4166666666666667,
            -0.38333333333333336,
            -0.35000000000000003,
            -0.31666666666666665,
            -0.2833333333333333,
            -0.25,
            -0.21666666666666667,
            -0.18333333333333335,
            -0.15000000000000002,
            -0.11666666666666667,
            -0.08333333333333331,
            -0.04999999999999999,
            -0.016666666666666663,
            0.016666666666666663,
            0.04999999999999999,
            0.08333333333333331,
            0.11666666666666664,
            0.14999999999999997,
            0.1833333333333333,
            0.21666666666666662,
            0.24999999999999994,
            0.2833333333333333,
            0.3166666666666667,
            0.35000000000000003,
            0.38333333333333336,
            0.4166666666666667,
            0.45,
            0.48333333333333334
          ],
          "weights": [
            0,
            0,
            0,
            0,
            0,
            0,
            0,
            0,
            0,
            0,
            0,
            0,
            0,
            0,
            0,
            1,
            0,
            0,
            0,
            0,
            0,
            0,
            0,
            0,
            0,
            0,
            0,
            0,
            0,
            0
          ]
        }
      }
    }
  },
  "basal_dendrite": {
    "filtration_metric": "path_distances",
    "min_bar_length": 17.016830682754517,
    "num_trees": {
      "data": {
        "bins": [
          6
        ],
        "weights": [
          1
        ]
      }
    },