{
  "apical_dendrite": {},
  "axon": {
    "filtration_metric": "path_distances",
    "min_bar_length": 2.266721725463867,
    "num_trees": {
      "data": {
        "bins": [
          1
        ],
        "weights": [
          1
        ]
      }
    },
    "persistence_diagram": [
      [
        [
          381.55271539092064,
          255.5858555138111,
          0.13256914913654327,
          -1.372589349746704,
          -0.6581717729568481,
          0.8130882978439331
        ],
        [
          522.6680924892426,
          428.5109213590622,
          -0.8115474581718445,
          0.5905715227127075,
          2.32417631149292,
          -0.47022008895874023
        ],
        [
          682.0948764681816,
          679.3256589174271,
          -0.3202283978462219,
          0.40811479091644287,
          1.6493008136749268,
          1.0874888896942139
        ],
        [
          600.90357452631,
          468.4117639660835,
          0.01928776502609253,
          0.04132580757141113,
          0.2117537260055542,
          0.9229514598846436
        ],
        [
          623.2147346511483,
          542.1160370260477,
          0.2369391918182373,
          -0.010974347591400146,
          -1.9822561740875244,
          0.6943488717079163
        ],
        [
          385.24010851979256,
          375.8794597685337,
          0.4017612338066101,
          -0.8759732246398926,
          -0.8275489807128906,
          0.04828310012817383
        ],
        [
          349.6083227992058,
          346.2003988623619,
          -0.5805537700653076,
          0.561832070350647,
          -5.3244218826293945,
          0.643690824508667
        ],
        [
          485.94971653819084,
          450.07865622639656,
          0.07309472560882568,
          0.020702004432678223,
          1.362228512763977,
          -0.025019288063049316
        ],
        [
          424.9958264529705,
          423.2957851588726,
          0.23858213424682617,
          0.3997814655303955,
          -2.0614452362060547,
          0.8389122486114502
        ],
        [
          542.729495242238,
          399.41363820433617,
          -0.3319118618965149,
          -0.34669673442840576,
          2.0726840496063232,
          0.26777565479278564
        ],
        [
          315.9776133298874,
          312.72651171684265,
          -0.07095569372177124,
          0.4359694719314575,
          -0.05126270651817322,
          -0.19191908836364746
        ],
        [
          413.01577654480934,
          269.08129531145096,
          -0.220597505569458,
          -0.4678305387496948,
          -5.036195755004883,
          -0.1590990424156189
        ],
        [
          346.84582471847534,
          138.5344975590706,
          0.04130816459655762,
          -0.04407548904418945,
          0.29151463508605957,
          0.8518484830856323
        ],
        [
          393.2196091711521,
          245.6695263683796,
          0.7762514352798462,
          0.265217661857605,
          -1.9169621467590332,
          0.7212958335876465
        ],
        [
          244.95049104094505,
          242.5699191391468,
          -0.7059351205825806,
          0.09362137317657471,
          1.5456277132034302,
          0.7386850118637085
        ],
        [
          310.5772188305855,
          150.0757923424244,
          0.030208826065063477,
          0.04511606693267822,
          -0.886599063873291,
          0.039505839347839355
        ],
        [
          220.72595849633217,
          77.67818561196327,
          0.15850377082824707,
          0.19902777671813965,
          5.306201934814453,
          -1.0809719562530518
        ],
        [
          581.1419609673321,
          539.4741325825453,
          0.2531009912490845,
          0.16688159108161926,
          -2.0879108905792236,
          0.31322193145751953
        ],
        [
          389.06638088822365,
          327.72661739587784,
          2.989064931869507,
          1.0029535293579102,
          2.9045562744140625,
          -1.6101068258285522
        ],
        [
          540.1974019780755,
          519.0780681744218,
          -0.926521897315979,
          0.9342259168624878,
          -0.3540843725204468,
          -1.1582335233688354
        ],
        [
          476.2732479572296,
          282.06771379709244,
          -0.034363627433776855,
          -0.13834869861602783,
          -1.1751524209976196,
          0.1422123908996582
        ],
        [
          507.527741342783,
          254.90032428503036,
          0.07204067707061768,
          0.12455415725708008,
          1.1836378574371338,
          -0.7621525526046753
        ],
        [
          314.88722375035286,
          208.07386377453804,
          0.12341797351837158,
          -0.0712885856628418,
          -1.1880208253860474,
          0.6105278730392456
        ],
        [
          380.93592542409897,
          130.60507661104202,
          -0.046622514724731445,
          0.08405101299285889,
          0.8037732839584351,
          0.07466435432434082
        ],
        [
          416.20304176211357,
          94.24022090435028,
          -0.2044057846069336,
          -0.14548063278198242,
          4.36660099029541,
          -0.3560596704483032
        ],
        [
          752.7846470698714,
          415.8275937438011,
          0.35493969917297363,
          -0.1932092308998108,
          -1.6927790641784668,
          -0.022077202796936035
        ],
        [
          745.2867407798767,
          367.09956282377243,
          0.19566798210144043,
          -0.8832281231880188,
          -0.48096704483032227,
          1.0341451168060303
        ],
        [
          210.51107984036207,
          71.13277718424797,
          0.48861581087112427,
          0.2663928270339966,
          1.4613105058670044,
          0.5852228403091431
        ],
        [
          639.849215939641,
          68.36632570624352,
          0.017810940742492676,
          0.8828240633010864,
          1.1492215394973755,
          -1.139663815498352
        ],
        [
          396.841661721468,
          63.071841806173325,
          0.0922231674194336,
          -0.7189545631408691,
          -1.0303252935409546,
          1.1321686506271362
        ],
        [
          753.9214487671852,
          0.0,
          NaN,
          NaN,
          NaN,
          NaN
        ]
      ]
    ],
    "trunk": {
      "absolute_elevation_deviation": {
        "data": {
          "bins": [
            -0.9124317443073453,
            -0.8790984109740119,
            -0.8457650776406787,
            -0.8124317443073452,
            -0.779098410974012,
            -0.7457650776406786,
            -0.7124317443073452,
            -0.6790984109740119,
            -0.6457650776406786,
            -0.6124317443073453,
            -0.5790984109740119,
            -0.5457650776406786,
            -0.5124317443073452,
            -0.4790984109740119,
            -0.4457650776406786,
            -0.41243174430734525,
            -0.3790984109740119,
            -0.3457650776406786,
            -0.31243174430734527,
            -0.27909841097401195,
            -0.24576507764067862,
            -0.2124317443073453,
            -0.17909841097401197,
            -0.1457650776406786,
            -0.1124317443073452,
            -0.07909841097401188,
            -0.04576507764067855,
            -0.012431744307345227,
            0.0209015890259881,
            0.0542349223593214
          ],