{
  "apical_dendrite": {},
  "axon": {
    "filtration_metric": "path_distances",
    "min_bar_length": 3.692293882369995,
    "num_trees": {
      "data": {
        "bins": [
          1
        ],
        "weights": [
          1
        ]
      }
    },
    "persistence_diagram": [
      [
        [
          319.88306817412376,
          179.36596968770027,
          -0.11906075477600098,
          0.15828585624694824,
          4.528512001037598,
          0.3125115633010864
        ],
        [
          416.6260713636875,
          413.85685095191,
          -0.3754613399505615,
          -0.27374565601348877,
          -1.9075641632080078,
          1.113716721534729
        ],
        [
          335.4347560107708,
          202.94296297430992,
          -0.041594505310058594,
          0.010088682174682617,
          -0.9430736303329468,
          0.16853690147399902
        ],
        [
          274.7515760064125,
          173.09291848540306,
          0.010154247283935547,
          0.203963041305542,
          -1.3748811483383179,
          -0.807343065738678
        ],
        [
          262.4069219827652,
          197.62688612937927,
          -0.048104703426361084,
          -0.34322166442871094,
          1.8899908065795898,
          0.44995784759521484
        ],
        [
          199.233567237854,
          146.40053540468216,
          -0.504685640335083,
          -1.1764625310897827,
          -0.4207848310470581,
          0.929405927658081
        ],
        [
          488.45264741778374,
          112.66671833395958,
          0.15450942516326904,
          -0.4389415979385376,
          4.025832176208496,
          -0.2184675931930542
        ],
        [
          149.2286255657673,
          82.34502866864204,
          0.17131829261779785,
          -0.26950883865356445,
          3.9043121337890625,
          -0.12303316593170166
        ],
        [
          165.5570449233055,
          91.03012150526047,
          -0.2711881399154663,
          -0.07072973251342773,
          1.824309229850769,
          -0.0783843994140625
        ],
        [
          272.367389023304,
          134.56668841838837,
          -0.6665073037147522,
          0.900550365447998,
          1.4192314147949219,
          -0.5946747064590454
        ],
        [
          284.927503913641,
          73.47181767225266,
          -0.1791839748620987,
          -0.06951761245727539,
          1.4598956108093262,
          -1.055800199508667
        ],
        [
          338.0485616326332,
          64.91297587752342,
          -0.05193781852722168,
          0.7510524988174438,
          1.733551025390625,
          0.006028175354003906
        ],
        [
          519.3106537163258,
          0.0,
          NaN,
          NaN,
          NaN,
          NaN
        ]
      ]
    ],
    "trunk": {
      "absolute_elevation_deviation": {
        "data": {
          "bins": [
            -1.8785565336925898,
            -1.8452232003592564,
            -1.811889867025923,
            -1.7785565336925897,
            -1.7452232003592565,
            -1.711889867025923,
            -1.6785565336925896,
            -1.6452232003592564,
            -1.6118898670259232,
            -1.5785565336925897,
            -1.5452232003592563,
            -1.511889867025923,
            -1.4785565336925899,
            -1.4452232003592562,
            -1.411889867025923,
            -1.3785565336925898,
            -1.3452232003592566,
            -1.311889867025923,
            -1.2785565336925897,
            -1.2452232003592565,
            -1.2118898670259233,
            -1.1785565336925896,
            -1.1452232003592564,
            -1.1118898670259232,
            -1.0785565336925895,
            -1.0452232003592563,
            -1.011889867025923,
            -0.9785565336925897,
            -0.9452232003592564,
            -0.911889867025923
          ],
          "weights": [
            0,
            0,
            0,
            0,
            0,
            0,
            0,
            0,
            0,
            0,
            0,
            0,
            0,
            0,
            0,
            1,
            0,
            0,
            0,
            0,
            0,
            0,
            0,
            0,
            0,
            0,
            0,
            0,
            0,
            0
          ]
        }
      },
      "azimuth": {
        "uniform": {
          "max": 0.0,
          "min": 3.141592653589793
        }
      },
      "orientation_deviation": {
        "data": {
          "bins": [
            -0.48333333333333334,
            -0.45,
            -0.4166666666666667,
            -0.38333333333333336,
            -0.35000000000000003,
            -0.31666666666666665,
            -0.2833333333333333,
            -0.25,
            -0.21666666666666667,
            -0.18333333333333335,
            -0.15000000000000002,
            -0.11666666666666667,
            -0.08333333333333331,
            -0.04999999999999999,
            -0.016666666666666663,
            0.016666666666666663,
            0.04999999999999999,
            0.08333333333333331,
            0.11666666666666664,
            0.14999999999999997,
            0.1833333333333333,
            0.21666666666666662,
            0.24999999999999994,
            0.2833333333333333,
            0.3166666666666667,
            0.35000000000000003,
            0.38333333333333336,
            0.4166666666666667,
            0.45,
            0.48333333333333334
          ],
          "weights": [
            0,
            0,
            0,
            0,
            0,
            0,
            0,
            0,
            0,
            0,
            0,
            0,
            0,
            0,
            0,
            1,
            0,
            0,
            0,
            0,
            0,
            0,
            0,
            0,
            0,
            0,
            0,
            0,
            0,
            0
          ]
        }
      }
    }
  },
  "basal_dendrite": {
    "filtration_metric": "path_distances",
    "min_bar_length": 17.016830682754517,
    "num_trees": {
      "data": {
        "bins": [
          6
        ],
        "weights": [
          1
        ]
      }
    },