{
  "apical_dendrite": {},
  "axon": {
    "filtration_metric": "path_distances",
    "min_bar_length": 2.266721725463867,
    "num_trees": {
      "data": {
        "bins": [
          1
        ],
        "weights": [
          1
        ]
      }
    },
    "persistence_diagram": [
      [
        [
          508.73695385456085,
          340.7811406850815,
          0.13256914913654327,
          -1.372589349746704,
          -0.6581717729568481,
          0.8130884170532227
        ],
        [
          696.8907899856567,
          571.3478951454163,
          -0.8115474581718445,
          0.5905715227127075,
          2.32417631149292,
          -0.47022008895874023
        ],
        [
          909.4598352909088,
          905.7675452232361,
          -0.3202283978462219,
          0.40811485052108765,
          1.6493008136749268,
          1.0874888896942139
        ],
        [
          801.20476603508,
          624.5490186214447,
          0.01928776502609253,
          0.04132580757141113,
          0.2117537260055542,
          0.9229515790939331
        ],
        [
          830.9529795348644,
          722.8213827013969,
          0.2369391918182373,
          -0.010974347591400146,
          -1.9822561740875244,
          0.6943488717079163
        ],
        [
          513.6534780263901,
          501.1726130247116,
          0.4017612338066101,
          -0.8759732246398926,
          -0.8275489807128906,
          0.04828333854675293
        ],
        [
          466.14443039894104,
          461.60053181648254,
          -0.5805537700653076,
          0.5618319511413574,
          -5.3244218826293945,
          0.643690824508667
        ],
        [
          647.9329553842545,
          600.1048749685287,
          0.07309472560882568,
          0.020701885223388672,
          1.362228512763977,
          -0.025019168853759766
        ],
        [
          566.661101937294,
          564.3943802118301,
          0.23858213424682617,
          0.39978158473968506,
          -2.0614452362060547,
          0.8389121294021606
        ],
        [
          723.6393269896507,
          532.5515176057816,
          -0.3319118618965149,
          -0.34669673442840576,
          2.0726840496063232,
          0.2677757740020752
        ],
        [
          421.30348443984985,
          416.96868228912354,
          -0.07095569372177124,
          0.4359694719314575,
          -0.05126270651817322,
          -0.19191908836364746
        ],
        [
          550.6877020597458,
          358.77506041526794,
          -0.220597505569458,
          -0.4678305983543396,
          -5.036195755004883,
          -0.15909910202026367
        ],
        [
          462.4610996246338,
          184.71266341209412,
          0.04130816459655762,
          -0.0440753698348999,
          0.29151463508605957,
          0.8518483638763428
        ],
        [
          524.2928122282028,
          327.5593684911728,
          0.7762514352798462,
          0.265217661857605,
          -1.9169621467590332,
          0.7212958335876465
        ],
        [
          326.60065472126007,
          323.42655885219574,
          -0.7059351205825806,
          0.09362125396728516,
          1.5456277132034302,
          0.7386850118637085
        ],
        [
          414.10295844078064,
          200.10105645656586,
          0.030208826065063477,
          0.04511606693267822,
          -0.886599063873291,
          0.039505958557128906
        ],
        [
          294.30127799510956,
          103.57091414928436,
          0.15850377082824707,
          0.19902801513671875,
          5.306201934814453,
          -1.0809721946716309
        ],
        [
          774.8559479564428,
          719.2988434433937,
          0.2531009912490845,
          0.16688156127929688,
          -2.0879108905792236,
          0.31322193145751953
        ],
        [
          518.7551745176315,
          436.9688231945038,
          2.989064931869507,
          1.0029534101486206,
          2.9045562744140625,
          -1.6101067066192627
        ],
        [
          720.263202637434,
          692.104090899229,
          -0.926521897315979,
          0.9342260360717773,
          -0.3540843725204468,
          -1.158233642578125
        ],
        [
          635.0309972763062,
          376.0902850627899,
          -0.034363627433776855,
          -0.13834869861602783,
          -1.1751524209976196,
          0.1422123908996582
        ],
        [
          676.7036551237106,
          339.86709904670715,
          0.07204067707061768,
          0.12455427646636963,
          1.1836378574371338,
          -0.7621526718139648
        ],
        [
          419.84963166713715,
          277.4318183660507,
          0.12341797351837158,
          -0.0712885856628418,
          -1.1880208253860474,
          0.6105278730392456
        ],
        [
          507.91456723213196,
          174.14010214805603,
          -0.046622514724731445,
          0.08405089378356934,
          0.8037732839584351,
          0.07466435432434082
        ],
        [
          554.9373890161514,
          125.65362787246704,
          -0.2044057846069336,
          -0.14548051357269287,
          4.36660099029541,
          -0.3560597896575928
        ],
        [
          1003.7128627598286,
          554.4367916584015,
          0.35493969917297363,
          -0.1932092308998108,
          -1.6927790641784668,
          -0.022077202796936035
        ],
        [
          993.715654373169,
          489.4660837650299,
          0.19566798210144043,
          -0.8832282423973083,
          -0.48096704483032227,
          1.0341451168060303
        ],
        [
          280.68143978714943,
          94.84370291233063,
          0.48861581087112427,
          0.2663928270339966,
          1.4613105058670044,
          0.5852229595184326
        ],
        [
          853.1322879195213,
          91.15510094165802,
          0.017810940742492676,
          0.8828239440917969,
          1.1492215394973755,
          -1.139663815498352
        ],
        [
          529.122215628624,
          84.09578907489777,
          0.0922231674194336,
          -0.7189545631408691,
          -1.0303252935409546,
          1.1321685314178467
        ],
        [
          1005.228598356247,
          0,
          NaN,
          NaN,
          NaN,
          NaN
        ]
      ]
    ],
    "trunk": {
      "absolute_elevation_deviation": {
        "data": {
          "bins": [
            -0.9124317443073453,
            -0.8790984109740119,
            -0.8457650776406787,
            -0.8124317443073452,
            -0.779098410974012,
            -0.7457650776406786,
            -0.7124317443073452,
            -0.6790984109740119,
            -0.6457650776406786,
            -0.6124317443073453,
            -0.5790984109740119,
            -0.5457650776406786,
            -0.5124317443073452,
            -0.4790984109740119,
            -0.4457650776406786,
            -0.41243174430734525,
            -0.3790984109740119,
            -0.3457650776406786,
            -0.31243174430734527,
            -0.27909841097401195,
            -0.24576507764067862,
            -0.2124317443073453,
            -0.17909841097401197,
            -0.1457650776406786,
            -0.1124317443073452,
            -0.07909841097401188,
            -0.04576507764067855,
            -0.012431744307345227,
            0.0209015890259881,
            0.0542349223593214
          ],